ID_1,As1,P_Value1,%_1,ID_2,As2,P_Value2,%_2,P_Value_res
KI,11.07,1.78,20,RA/RO,10.43,3.1,80,2.39
KI,11.07,1.78,35,RA/RO,10.43,3.1,65,2
FO,4.70,0,15,RA/RO,10.43,3.1,85,3.25
FO,4.70,0,30,RA/RO,10.43,3.1,70,3.09
FO,4.70,0,35,RA/RO,10.43,3.1,65,3.14
FO,4.70,0,50,RA/RO,10.43,3.1,50,3.24
ML,1.60,0,15,RA/RO,10.43,3.1,85,3.32
ML,1.60,0,20,RA/RO,10.43,3.1,80,3.48
EKO,0.84,0,15,AL,10.10,2.31,85,2.45
EKO,0.84,0,30,AL,10.10,2.31,70,2.65
EKO,0.84,0,50,AL,10.10,2.31,50,2.76
EKO,0.84,0,70,AL,10.10,2.31,30,3.67
EKO,0.84,0,85,AL,10.10,2.31,15,3.81
EKO,0.84,0,30,JS,8.0,3.5,70,2.81
EKO,0.84,0,40,JS,8.0,3.5,60,2.95
EKO,0.84,0,50,JS,8.0,3.5,50,2.99
EKO,0.84,0,60,JS,8.0,3.5,40,3.05
OS,6.10,0,5,AL,10.10,2.31,95,2.27
OS,6.10,0,10,AL,10.10,2.31,90,2.24
OS,6.10,0,15,AL,10.10,2.31,85,2.24
OS,6.10,0,20,AL,10.10,2.31,80,2.24
OS,6.10,0,25,AL,10.10,2.31,75,2.28
OS,6.10,0,15,JS,8.0,3.5,85,3.46
OS,6.10,0,25,JS,8.0,3.5,75,3.31
OS,6.10,0,35,JS,8.0,3.5,65,3.4
OS,6.10,0,45,JS,8.0,3.5,55,3.36
OS,6.10,0,50,JS,8.0,3.5,50,3.25
OS,6.10,0,55,JS,8.0,3.5,45,3.25
FO,4.70,0,5,AL,10.10,2.31,95,2.4
FO,4.70,0,10,AL,10.10,2.31,90,2.3
FO,4.70,0,15,AL,10.10,2.31,85,2.33
FO,4.70,0,15,JS,8.0,3.5,85,3.42
FO,4.70,0,20,JS,8.0,3.5,80,3.53
FO,4.70,0,25,JS,8.0,3.5,75,3.52
FO,4.70,0,30,JS,8.0,3.5,70,3.51
FO,4.70,0,35,JS,8.0,3.5,65,3.5
IT,0.97,1.1,15,JS,8.0,3.5,85,3.4
IT,0.97,1.1,20,JS,8.0,3.5,80,3.14
IT,0.97,1.1,25,JS,8.0,3.5,75,2.98
IT,0.97,1.1,10,AL,10.10,2.31,90,2.14
IT,0.97,1.1,30,AL,10.10,2.31,70,2.1
CR,3.4,1.71,10,RO,10.23,2.25,90,2.12
CR,3.4,1.71,50,RO,10.23,2.25,50,1.75
CR,3.4,1.71,80,RO,10.23,2.25,20,1.71
WM,1.8,1.1,10,RO,10.23,2.25,90,2.25
WM,1.8,1.1,20,RO,10.23,2.25,80,2
WM,1.8,1.1,50,RO,10.23,2.25,50,1.91
WM,1.8,1.1,85,RO,10.23,2.25,15,1.67
KK,21.13,1.87,10,RO,10.23,2.25,90,2.05
KK,21.13,1.87,20,RO,10.23,2.25,80,1.91
KK,21.13,1.87,40,RO,10.23,2.25,60,1.75
KK,21.13,1.87,30,RO,10.23,2.25,70,1.67
RU/RO,7.80,3.01,50,RA/RO,10.43,3.1,50,3.09
AL,10.10,2.31,25,JS,8.0,3.5,75,3.1
AL,10.10,2.31,50,JS,8.0,3.5,50,3.01
AL,10.10,2.31,75,JS,8.0,3.5,25,2.46
EF,0.7,1,10,RO,10.23,2.25,90,1.74
EF,0.7,1,25,RO,10.23,2.25,75,1.85
EF,0.7,1,50,RO,10.23,2.25,50,1.56
EF,0.7,1,90,RO,10.23,2.25,10,1.13
LN,6.53,1,25,RO,10.23,2.25,75,1.67
LN,6.53,1,50,RO,10.23,2.25,50,1.45
LN,6.53,1,75,RO,10.23,2.25,25,1
FG,4.3,1.71,10,RO,10.23,2.25,90,2
FG,4.3,1.71,35,RO,10.23,2.25,65,1.85
FG,4.3,1.71,75,RO,10.23,2.25,25,1.75
NP,0.7,2.81,20,RO,10.23,2.25,80,2.37
NP,0.7,2.81,50,RO,10.23,2.25,50,2.05
NP,0.7,2.81,80,RO,10.23,2.25,20,1.75
RB8,0.2,1.1,10,RO,10.23,2.25,90,2.43
RB8,0.2,1.1,50,RO,10.23,2.25,50,1.97
RB8,0.2,1.1,95,RO,10.23,2.25,5,1.5
CO,1.4,1.33,10,RO,10.23,2.25,90,2.05
CO,1.4,1.33,35,RO,10.23,2.25,65,1.49
CO,1.4,1.33,75,RO,10.23,2.25,25,1.25
LW,0.6,1,10,RO,10.23,2.25,90,1.87
LW,0.6,1,35,RO,10.23,2.25,65,1.56
LW,0.6,1,75,RO,10.23,2.25,25,1.25