ID_1,As1,CII1,TSI_Value1,%_1,ID_2,As2,CII2,TSI_Value2,%_2,TSI_Value_res
CR,3.4,1.9,1.68,10,RO,10.23,0.47,3.94,90,3.24
CR,3.4,1.9,1.68,50,RO,10.23,0.47,3.94,50,0.4
CR,3.4,1.9,1.68,80,RO,10.23,0.47,3.94,20,0.76
EF,0.7,3.49,0.12,10,RO,10.23,0.47,3.94,90,4.61
EF,0.7,3.49,0.12,25,RO,10.23,0.47,3.94,75,2.91
EF,0.7,3.49,0.12,50,RO,10.23,0.47,3.94,50,1.7
EF,0.7,3.49,0.12,90,RO,10.23,0.47,3.94,10,1.43
RB3,0.47,1.44,0.12,30,RO,10.23,0.47,3.94,70,1.5
RB3,0.47,1.44,0.12,90,RO,10.23,0.47,3.94,10,0.76
FG,4.3,0.79,1.8,10,RO,10.23,0.47,3.94,90,3.08
FG,4.3,0.79,1.8,35,RO,10.23,0.47,3.94,65,1.57
FG,4.3,0.79,1.8,75,RO,10.23,0.47,3.94,25,0.66
LN,6.53,2.65,0.32,25,RO,10.23,0.47,3.94,75,0.56
LN,6.53,2.65,0.32,50,RO,10.23,0.47,3.94,50,0.32
LN,6.53,2.65,0.32,75,RO,10.23,0.47,3.94,25,0.22
NP,0.7,2.66,0.94,20,RO,10.23,0.47,3.94,80,2.33
NP,0.7,2.66,0.94,50,RO,10.23,0.47,3.94,50,1.07
NP,0.7,2.66,0.94,80,RO,10.23,0.47,3.94,20,1.41
WM,1.8,3.29,1.2,10,RO,10.23,0.47,3.94,90,3.52
WM,1.8,3.29,1.2,20,RO,10.23,0.47,3.94,80,3.25
WM,1.8,3.29,1.2,50,RO,10.23,0.47,3.94,50,0.98
WM,1.8,3.29,1.2,85,RO,10.23,0.47,3.94,15,1.14
KK,21.13,0.7,9.88,10,RO,10.23,0.47,3.94,90,5.42
KK,21.13,0.7,9.88,80,RO,10.23,0.47,3.94,20,7.3
KK,21.13,0.7,9.88,40,RO,10.23,0.47,3.94,60,6.23
KK,21.13,0.7,9.88,30,RO,10.23,0.47,3.94,70,5.96